isolate,recall,specificity,precision,accuracy,f1_score,tp,fp,fn,tn,approach,model
kpne-SAMN21366037,0.9871794871794872,0.1666666666666666,0.6311475409836066,0.6515151515151515,0.77,77,45,1,9,plASgraph,K. pneumoniae-(E. faecium model)-plASgraph
kpne-SAMN21366038,0.9696969696969696,0.0,0.7441860465116279,0.7272727272727273,0.8421052631578948,32,11,1,0,plASgraph,K. pneumoniae-(E. faecium model)-plASgraph
kpne-SAMN21366043,1.0,0.1,0.6,0.6170212765957447,0.7499999999999999,27,18,0,2,plASgraph,K. pneumoniae-(E. faecium model)-plASgraph
kpne-SAMN21366050,0.9142857142857144,0.7931034482758621,0.8421052631578947,0.859375,0.8767123287671234,32,6,3,23,plASgraph,K. pneumoniae-(E. faecium model)-plASgraph
kpne-SAMN21366063,1.0,0.0434782608695652,0.7380952380952381,0.7411764705882353,0.8493150684931507,62,22,0,1,plASgraph,K. pneumoniae-(E. faecium model)-plASgraph
kpne-SAMN21366069,1.0,0.0,0.7313432835820896,0.7313432835820896,0.8448275862068965,49,18,0,0,plASgraph,K. pneumoniae-(E. faecium model)-plASgraph
kpne-SAMN21366070,0.8679245283018868,0.2285714285714285,0.6301369863013698,0.6136363636363636,0.73015873015873,46,27,7,8,plASgraph,K. pneumoniae-(E. faecium model)-plASgraph
kpne-SAMN21366091,1.0,0.4038461538461538,0.5441176470588235,0.651685393258427,0.7047619047619048,37,31,0,21,plASgraph,K. pneumoniae-(E. faecium model)-plASgraph
kpne-SAMN21366094,1.0,0.1020408163265306,0.4133333333333333,0.45,0.5849056603773585,31,44,0,5,plASgraph,K. pneumoniae-(E. faecium model)-plASgraph
kpne-SAMN21366095,1.0,0.6071428571428571,0.8070175438596491,0.8513513513513513,0.8932038834951457,46,11,0,17,plASgraph,K. pneumoniae-(E. faecium model)-plASgraph
kpne-SAMN21366037,0.55,0.3333333333333333,0.55,0.4626865671641791,0.55,44,36,36,18,mlplasmids,K. pneumoniae-(E. faecium model)-mlplasmids
kpne-SAMN21366038,0.5135135135135135,0.4545454545454545,0.76,0.5,0.6129032258064517,19,6,18,5,mlplasmids,K. pneumoniae-(E. faecium model)-mlplasmids
kpne-SAMN21366043,0.4074074074074074,0.55,0.55,0.4680851063829787,0.4680851063829787,11,9,16,11,mlplasmids,K. pneumoniae-(E. faecium model)-mlplasmids
kpne-SAMN21366050,0.5106382978723404,0.5483870967741935,0.631578947368421,0.5256410256410257,0.5647058823529411,24,14,23,17,mlplasmids,K. pneumoniae-(E. faecium model)-mlplasmids
kpne-SAMN21366063,0.4838709677419355,0.2608695652173913,0.6382978723404256,0.4235294117647059,0.5504587155963303,30,17,32,6,mlplasmids,K. pneumoniae-(E. faecium model)-mlplasmids
kpne-SAMN21366069,0.5490196078431373,0.5,0.7567567567567568,0.5362318840579711,0.6363636363636364,28,9,23,9,mlplasmids,K. pneumoniae-(E. faecium model)-mlplasmids
kpne-SAMN21366070,0.4814814814814814,0.3611111111111111,0.5306122448979592,0.4333333333333333,0.5048543689320388,26,23,28,13,mlplasmids,K. pneumoniae-(E. faecium model)-mlplasmids
kpne-SAMN21366091,0.4864864864864865,0.5192307692307693,0.4186046511627907,0.5056179775280899,0.45,18,25,19,27,mlplasmids,K. pneumoniae-(E. faecium model)-mlplasmids
kpne-SAMN21366094,0.5161290322580645,0.4693877551020408,0.3809523809523809,0.4875,0.4383561643835616,16,26,15,23,mlplasmids,K. pneumoniae-(E. faecium model)-mlplasmids
kpne-SAMN21366095,0.5416666666666666,0.4285714285714285,0.6190476190476191,0.5,0.5777777777777778,26,16,22,12,mlplasmids,K. pneumoniae-(E. faecium model)-mlplasmids
ecol-SAMN15147962,1.0,0.0,0.881578947368421,0.881578947368421,0.9370629370629372,67,9,0,0,plASgraph,E. coli-(E. faecium model)-plASgraph
ecol-SAMN15147963,1.0,0.0,0.8805970149253731,0.8805970149253731,0.9365079365079364,59,8,0,0,plASgraph,E. coli-(E. faecium model)-plASgraph
ecol-SAMN15147970,1.0,0.0238095238095238,0.7602339181286549,0.7616279069767442,0.8637873754152824,130,41,0,1,plASgraph,E. coli-(E. faecium model)-plASgraph
ecol-SAMN15147972,1.0,0.1111111111111111,0.8571428571428571,0.8596491228070176,0.923076923076923,96,16,0,2,plASgraph,E. coli-(E. faecium model)-plASgraph
ecol-SAMN15147977,0.6391752577319587,0.125,0.8985507246376812,0.6,0.7469879518072289,62,7,35,1,plASgraph,E. coli-(E. faecium model)-plASgraph
ecol-SAMN15147983,1.0,0.0,0.7428571428571429,0.7428571428571429,0.8524590163934427,52,18,0,0,plASgraph,E. coli-(E. faecium model)-plASgraph
ecol-SAMN15147990,1.0,0.0,0.9772727272727272,0.9772727272727272,0.9885057471264368,43,1,0,0,plASgraph,E. coli-(E. faecium model)-plASgraph
ecol-SAMN15147997,1.0,0.0,0.9545454545454546,0.9545454545454546,0.9767441860465116,42,2,0,0,plASgraph,E. coli-(E. faecium model)-plASgraph
ecol-SAMN15148005,1.0,0.4285714285714285,0.9285714285714286,0.9322033898305084,0.962962962962963,52,4,0,3,plASgraph,E. coli-(E. faecium model)-plASgraph
ecol-SAMN15148009,1.0,,1.0,1.0,1.0,49,0,0,0,plASgraph,E. coli-(E. faecium model)-plASgraph
ecol-SAMN15148016,1.0,0.0,0.8666666666666667,0.8666666666666667,0.9285714285714286,52,8,0,0,plASgraph,E. coli-(E. faecium model)-plASgraph
ecol-SAMN15148018,1.0,0.0,0.8947368421052632,0.8947368421052632,0.9444444444444444,51,6,0,0,plASgraph,E. coli-(E. faecium model)-plASgraph
ecol-SAMN15148024,1.0,0.25,0.9516129032258064,0.9523809523809524,0.975206611570248,59,3,0,1,plASgraph,E. coli-(E. faecium model)-plASgraph
ecol-SAMN15148025,1.0,0.2222222222222222,0.825,0.8333333333333334,0.9041095890410958,33,7,0,2,plASgraph,E. coli-(E. faecium model)-plASgraph
ecol-SAMN15148037,1.0,0.0,0.9777777777777776,0.9777777777777776,0.9887640449438202,44,1,0,0,plASgraph,E. coli-(E. faecium model)-plASgraph
ecol-SAMN15148039,1.0,0.0,0.9782608695652174,0.9782608695652174,0.989010989010989,45,1,0,0,plASgraph,E. coli-(E. faecium model)-plASgraph
ecol-SAMN15148048,1.0,,1.0,1.0,1.0,53,0,0,0,plASgraph,E. coli-(E. faecium model)-plASgraph
ecol-SAMN15148049,0.9879518072289156,0.4,0.9647058823529412,0.9545454545454546,0.9761904761904762,82,3,1,2,plASgraph,E. coli-(E. faecium model)-plASgraph
ecol-SAMN15148053,1.0,0.2,0.9245283018867924,0.925925925925926,0.9607843137254902,49,4,0,1,plASgraph,E. coli-(E. faecium model)-plASgraph
ecol-SAMN15148054,1.0,0.5,0.9411764705882352,0.9444444444444444,0.9696969696969696,32,2,0,2,plASgraph,E. coli-(E. faecium model)-plASgraph
ecol-SAMN15148060,1.0,0.0909090909090909,0.8214285714285714,0.8245614035087719,0.9019607843137256,46,10,0,1,plASgraph,E. coli-(E. faecium model)-plASgraph
ecol-SAMN15148070,1.0,0.0,0.9846153846153848,0.9846153846153848,0.992248062015504,64,1,0,0,plASgraph,E. coli-(E. faecium model)-plASgraph
ecol-SAMN15148072,1.0,0.5,0.9767441860465116,0.9772727272727272,0.988235294117647,42,1,0,1,plASgraph,E. coli-(E. faecium model)-plASgraph
ecol-SAMN15148083,1.0,0.0909090909090909,0.855072463768116,0.8571428571428571,0.921875,59,10,0,1,plASgraph,E. coli-(E. faecium model)-plASgraph
ecol-SAMN15148089,1.0,0.1052631578947368,0.7951807228915663,0.8,0.8859060402684563,66,17,0,2,plASgraph,E. coli-(E. faecium model)-plASgraph
ecol-SAMN15148090,1.0,0.125,0.8292682926829268,0.8333333333333334,0.9066666666666668,68,14,0,2,plASgraph,E. coli-(E. faecium model)-plASgraph
ecol-SAMN15148091,1.0,0.1333333333333333,0.8539325842696629,0.8571428571428571,0.9212121212121211,76,13,0,2,plASgraph,E. coli-(E. faecium model)-plASgraph
ecol-SAMN15148093,1.0,0.0,0.896551724137931,0.896551724137931,0.9454545454545454,26,3,0,0,plASgraph,E. coli-(E. faecium model)-plASgraph
ecol-SAMN15148094,1.0,1.0,1.0,1.0,1.0,24,0,0,1,plASgraph,E. coli-(E. faecium model)-plASgraph
ecol-SAMN15148099,1.0,0.0,0.9322033898305084,0.9322033898305084,0.9649122807017544,55,4,0,0,plASgraph,E. coli-(E. faecium model)-plASgraph
ecol-SAMN15148100,1.0,0.0,0.958904109589041,0.958904109589041,0.9790209790209792,70,3,0,0,plASgraph,E. coli-(E. faecium model)-plASgraph
ecol-SAMN15148101,1.0,0.3333333333333333,0.8620689655172413,0.8709677419354839,0.925925925925926,25,4,0,2,plASgraph,E. coli-(E. faecium model)-plASgraph
ecol-SAMN15148102,1.0,0.1666666666666666,0.9090909090909092,0.9107142857142856,0.9523809523809524,50,5,0,1,plASgraph,E. coli-(E. faecium model)-plASgraph
ecol-SAMN15148111,1.0,0.0416666666666666,0.7195121951219512,0.7228915662650602,0.8368794326241135,59,23,0,1,plASgraph,E. coli-(E. faecium model)-plASgraph
ecol-SAMN15148112,1.0,0.1,0.7804878048780488,0.7857142857142857,0.8767123287671234,32,9,0,1,plASgraph,E. coli-(E. faecium model)-plASgraph
ecol-SAMN15148118,1.0,0.0967741935483871,0.7383177570093458,0.7454545454545455,0.8494623655913979,79,28,0,3,plASgraph,E. coli-(E. faecium model)-plASgraph
ecol-SAMN15148121,1.0,0.5,0.9642857142857144,0.9655172413793104,0.9818181818181818,54,2,0,2,plASgraph,E. coli-(E. faecium model)-plASgraph
ecol-SAMN15148127,1.0,0.0967741935483871,0.7407407407407407,0.7477477477477478,0.851063829787234,80,28,0,3,plASgraph,E. coli-(E. faecium model)-plASgraph
ecol-SAMN15148136,0.9904761904761904,0.3478260869565217,0.7761194029850746,0.7947019867549668,0.8702928870292886,104,30,1,16,plASgraph,E. coli-(E. faecium model)-plASgraph
ecol-SAMN15148138,1.0,0.0,0.7916666666666666,0.7916666666666666,0.8837209302325582,57,15,0,0,plASgraph,E. coli-(E. faecium model)-plASgraph
ecol-SAMN15148139,1.0,0.0909090909090909,0.7619047619047619,0.7674418604651163,0.8648648648648648,64,20,0,2,plASgraph,E. coli-(E. faecium model)-plASgraph
ecol-SAMN15148143,1.0,0.3636363636363636,0.9473684210526316,0.948905109489051,0.972972972972973,126,7,0,4,plASgraph,E. coli-(E. faecium model)-plASgraph
ecol-SAMN15148145,1.0,0.0,0.9,0.9,0.9473684210526316,45,5,0,0,plASgraph,E. coli-(E. faecium model)-plASgraph
ecol-SAMN15148148,1.0,0.0,0.9111111111111112,0.9111111111111112,0.9534883720930232,41,4,0,0,plASgraph,E. coli-(E. faecium model)-plASgraph
ecol-SAMN15148149,1.0,1.0,1.0,1.0,1.0,48,0,0,1,plASgraph,E. coli-(E. faecium model)-plASgraph
ecol-SAMN15148177,1.0,0.0714285714285714,0.900763358778626,0.9015151515151516,0.9477911646586346,118,13,0,1,plASgraph,E. coli-(E. faecium model)-plASgraph
ecol-SAMN15148207,1.0,0.125,0.8478260869565217,0.851063829787234,0.9176470588235294,39,7,0,1,plASgraph,E. coli-(E. faecium model)-plASgraph
ecol-SAMN15148215,1.0,0.5384615384615384,0.9076923076923076,0.9166666666666666,0.9516129032258064,59,6,0,7,plASgraph,E. coli-(E. faecium model)-plASgraph
ecol-SAMN15148217,1.0,0.0,0.9183673469387756,0.9183673469387756,0.9574468085106383,45,4,0,0,plASgraph,E. coli-(E. faecium model)-plASgraph
ecol-SAMN15148218,0.9830508474576272,0.2857142857142857,0.9206349206349206,0.9090909090909092,0.9508196721311476,58,5,1,2,plASgraph,E. coli-(E. faecium model)-plASgraph
ecol-SAMN15148228,1.0,0.0,0.9420289855072465,0.9420289855072465,0.9701492537313432,65,4,0,0,plASgraph,E. coli-(E. faecium model)-plASgraph
ecol-SAMN15148229,1.0,0.0,0.7101449275362319,0.7101449275362319,0.8305084745762712,49,20,0,0,plASgraph,E. coli-(E. faecium model)-plASgraph
ecol-SAMN15148263,0.8333333333333334,0.5,0.925925925925926,0.7941176470588235,0.8771929824561403,125,10,25,10,plASgraph,E. coli-(E. faecium model)-plASgraph
ecol-SAMN15148267,0.989247311827957,0.2777777777777778,0.8761904761904762,0.8738738738738738,0.9292929292929292,92,13,1,5,plASgraph,E. coli-(E. faecium model)-plASgraph
ecol-SAMN15148268,1.0,0.2,0.9333333333333332,0.9344262295081968,0.9655172413793104,56,4,0,1,plASgraph,E. coli-(E. faecium model)-plASgraph
ecol-SAMN15148273,1.0,1.0,1.0,1.0,1.0,93,0,0,3,plASgraph,E. coli-(E. faecium model)-plASgraph
ecol-SAMN15148298,1.0,0.1,0.847457627118644,0.85,0.9174311926605504,100,18,0,2,plASgraph,E. coli-(E. faecium model)-plASgraph
ecol-SAMN15148314,1.0,0.6666666666666666,0.975,0.9761904761904762,0.9873417721518988,39,1,0,2,plASgraph,E. coli-(E. faecium model)-plASgraph
ecol-SAMN15148328,1.0,0.0,0.7840909090909091,0.7840909090909091,0.8789808917197451,69,19,0,0,plASgraph,E. coli-(E. faecium model)-plASgraph
ecol-SAMN15148331,1.0,0.0,0.8285714285714286,0.8285714285714286,0.90625,29,6,0,0,plASgraph,E. coli-(E. faecium model)-plASgraph
ecol-SAMN15148349,1.0,0.0,0.8863636363636364,0.8863636363636364,0.9397590361445785,39,5,0,0,plASgraph,E. coli-(E. faecium model)-plASgraph
ecol-SAMN15148350,1.0,0.0303030303030303,0.7264957264957265,0.7288135593220338,0.8415841584158416,85,32,0,1,plASgraph,E. coli-(E. faecium model)-plASgraph
ecol-SAMN15148351,1.0,0.0,0.9629629629629628,0.9629629629629628,0.981132075471698,78,3,0,0,plASgraph,E. coli-(E. faecium model)-plASgraph
ecol-SAMN15148359,1.0,0.5,0.9714285714285714,0.9722222222222222,0.9855072463768116,34,1,0,1,plASgraph,E. coli-(E. faecium model)-plASgraph
ecol-SAMN15148360,1.0,0.0,0.9230769230769232,0.9230769230769232,0.96,48,4,0,0,plASgraph,E. coli-(E. faecium model)-plASgraph
ecol-SAMN15148362,1.0,0.0,0.96,0.96,0.979591836734694,48,2,0,0,plASgraph,E. coli-(E. faecium model)-plASgraph
ecol-SAMN15148366,1.0,0.4285714285714285,0.9,0.9069767441860463,0.9473684210526316,36,4,0,3,plASgraph,E. coli-(E. faecium model)-plASgraph
ecol-SAMN15148368,1.0,0.0,0.9615384615384616,0.9615384615384616,0.9803921568627452,50,2,0,0,plASgraph,E. coli-(E. faecium model)-plASgraph
ecol-SAMN15148379,1.0,0.0588235294117647,0.6,0.6097560975609756,0.7499999999999999,24,16,0,1,plASgraph,E. coli-(E. faecium model)-plASgraph
ecol-SAMN15148387,1.0,0.25,0.8758620689655172,0.8807947019867549,0.9338235294117648,127,18,0,6,plASgraph,E. coli-(E. faecium model)-plASgraph
ecol-SAMN15148388,1.0,0.032258064516129,0.7142857142857143,0.7169811320754716,0.8333333333333333,75,30,0,1,plASgraph,E. coli-(E. faecium model)-plASgraph
ecol-SAMN15148391,0.9832402234636872,0.0588235294117647,0.8461538461538461,0.8356807511737089,0.909560723514212,176,32,3,2,plASgraph,E. coli-(E. faecium model)-plASgraph
ecol-SAMN15148397,1.0,0.1666666666666666,0.9418604651162792,0.942528735632184,0.970059880239521,81,5,0,1,plASgraph,E. coli-(E. faecium model)-plASgraph
ecol-SAMN15148400,1.0,0.0909090909090909,0.8958333333333334,0.8969072164948454,0.945054945054945,86,10,0,1,plASgraph,E. coli-(E. faecium model)-plASgraph
ecol-SAMN15148423,1.0,0.1111111111111111,0.8518518518518519,0.8545454545454545,0.92,92,16,0,2,plASgraph,E. coli-(E. faecium model)-plASgraph
ecol-SAMN15148426,0.9813084112149532,0.1818181818181818,0.7954545454545454,0.7928571428571428,0.8786610878661087,105,27,2,6,plASgraph,E. coli-(E. faecium model)-plASgraph
ecol-SAMN15148433,1.0,1.0,1.0,1.0,1.0,47,0,0,3,plASgraph,E. coli-(E. faecium model)-plASgraph
ecol-SAMN15148461,1.0,0.0,0.9672131147540984,0.9672131147540984,0.9833333333333332,59,2,0,0,plASgraph,E. coli-(E. faecium model)-plASgraph
ecol-SAMN15148475,1.0,0.0,0.8333333333333334,0.8333333333333334,0.9090909090909092,65,13,0,0,plASgraph,E. coli-(E. faecium model)-plASgraph
ecol-SAMN15148482,1.0,0.0681818181818181,0.7515151515151515,0.7559523809523809,0.8581314878892733,124,41,0,3,plASgraph,E. coli-(E. faecium model)-plASgraph
ecol-SAMN15148483,1.0,,1.0,1.0,1.0,37,0,0,0,plASgraph,E. coli-(E. faecium model)-plASgraph
ecol-SAMN15148515,1.0,0.0,0.7681159420289855,0.7681159420289855,0.8688524590163935,53,16,0,0,plASgraph,E. coli-(E. faecium model)-plASgraph
ecol-SAMN15148547,1.0,0.6666666666666666,0.9761904761904762,0.9772727272727272,0.9879518072289156,41,1,0,2,plASgraph,E. coli-(E. faecium model)-plASgraph
ecol-SAMN15148548,1.0,0.4285714285714285,0.9310344827586208,0.9344262295081968,0.9642857142857144,54,4,0,3,plASgraph,E. coli-(E. faecium model)-plASgraph
ecol-SAMN15148563,1.0,0.0,0.82,0.82,0.9010989010989012,41,9,0,0,plASgraph,E. coli-(E. faecium model)-plASgraph
ecol-SAMN15148570,1.0,0.0,0.958904109589041,0.958904109589041,0.9790209790209792,70,3,0,0,plASgraph,E. coli-(E. faecium model)-plASgraph
ecol-SAMN15148576,1.0,0.0,0.7721518987341772,0.7721518987341772,0.8714285714285713,61,18,0,0,plASgraph,E. coli-(E. faecium model)-plASgraph
ecol-SAMN15148585,0.9506172839506172,0.0,0.9871794871794872,0.9390243902439024,0.9685534591194968,77,1,4,0,plASgraph,E. coli-(E. faecium model)-plASgraph
ecol-SAMN15148591,1.0,0.0,0.8846153846153846,0.8846153846153846,0.9387755102040816,46,6,0,0,plASgraph,E. coli-(E. faecium model)-plASgraph
ecol-SAMN15148593,0.9857142857142858,0.3333333333333333,0.8961038961038961,0.8902439024390244,0.9387755102040816,69,8,1,4,plASgraph,E. coli-(E. faecium model)-plASgraph
ecol-SAMN15148596,1.0,0.0,0.6888888888888889,0.6888888888888889,0.8157894736842105,62,28,0,0,plASgraph,E. coli-(E. faecium model)-plASgraph
ecol-SAMN15148605,0.9906542056074766,0.0,0.8983050847457628,0.8907563025210085,0.9422222222222222,106,12,1,0,plASgraph,E. coli-(E. faecium model)-plASgraph
ecol-SAMN15148627,1.0,0.1428571428571428,0.8823529411764706,0.8846153846153846,0.9375,45,6,0,1,plASgraph,E. coli-(E. faecium model)-plASgraph
ecol-SAMN15148648,1.0,0.0357142857142857,0.8439306358381503,0.8448275862068966,0.915360501567398,146,27,0,1,plASgraph,E. coli-(E. faecium model)-plASgraph
ecol-SAMN15148701,1.0,0.4444444444444444,0.9242424242424242,0.9285714285714286,0.9606299212598424,61,5,0,4,plASgraph,E. coli-(E. faecium model)-plASgraph
ecol-SAMN15148710,1.0,0.0666666666666666,0.7741935483870968,0.7777777777777778,0.8727272727272727,48,14,0,1,plASgraph,E. coli-(E. faecium model)-plASgraph
ecol-SAMN15148714,1.0,0.0,0.9743589743589745,0.9743589743589745,0.9870129870129868,38,1,0,0,plASgraph,E. coli-(E. faecium model)-plASgraph
ecol-SAMN15148720,1.0,0.0,0.9642857142857144,0.9642857142857144,0.9818181818181818,54,2,0,0,plASgraph,E. coli-(E. faecium model)-plASgraph
ecol-SAMN15148732,1.0,0.1111111111111111,0.8933333333333333,0.8947368421052632,0.943661971830986,67,8,0,1,plASgraph,E. coli-(E. faecium model)-plASgraph
ecol-SAMN15148739,1.0,0.0,0.9864864864864864,0.9864864864864864,0.9931972789115648,73,1,0,0,plASgraph,E. coli-(E. faecium model)-plASgraph
ecol-SAMN15147962,0.6911764705882353,0.0,0.8392857142857143,0.6103896103896104,0.7580645161290324,47,9,21,0,mlplasmids,E. coli-(E. faecium model)-mlplasmids
ecol-SAMN15147963,0.6833333333333333,0.0,0.8367346938775511,0.6029411764705882,0.7522935779816514,41,8,19,0,mlplasmids,E. coli-(E. faecium model)-mlplasmids
ecol-SAMN15147970,0.6153846153846154,0.4523809523809524,0.7766990291262136,0.5755813953488372,0.6866952789699571,80,23,50,19,mlplasmids,E. coli-(E. faecium model)-mlplasmids
ecol-SAMN15147972,0.5729166666666666,0.5,0.859375,0.5614035087719298,0.6875,55,9,41,9,mlplasmids,E. coli-(E. faecium model)-mlplasmids
ecol-SAMN15147977,0.6288659793814433,0.5,0.9384615384615383,0.6190476190476191,0.7530864197530864,61,4,36,4,mlplasmids,E. coli-(E. faecium model)-mlplasmids
ecol-SAMN15147983,0.6346153846153846,0.2222222222222222,0.7021276595744681,0.5285714285714286,0.6666666666666666,33,14,19,4,mlplasmids,E. coli-(E. faecium model)-mlplasmids
ecol-SAMN15147990,0.6046511627906976,0.0,0.9629629629629628,0.5909090909090909,0.7428571428571429,26,1,17,0,mlplasmids,E. coli-(E. faecium model)-mlplasmids
ecol-SAMN15147997,0.6428571428571429,0.0,0.9310344827586208,0.6136363636363636,0.7605633802816901,27,2,15,0,mlplasmids,E. coli-(E. faecium model)-mlplasmids
ecol-SAMN15148005,0.6111111111111112,0.5714285714285714,0.9166666666666666,0.6065573770491803,0.7333333333333334,33,3,21,4,mlplasmids,E. coli-(E. faecium model)-mlplasmids
ecol-SAMN15148009,0.7142857142857143,,1.0,0.7142857142857143,0.8333333333333333,35,0,14,0,mlplasmids,E. coli-(E. faecium model)-mlplasmids
ecol-SAMN15148016,0.6346153846153846,0.0,0.8048780487804879,0.55,0.7096774193548387,33,8,19,0,mlplasmids,E. coli-(E. faecium model)-mlplasmids
ecol-SAMN15148018,0.6862745098039216,0.1666666666666666,0.875,0.631578947368421,0.7692307692307692,35,5,16,1,mlplasmids,E. coli-(E. faecium model)-mlplasmids
ecol-SAMN15148024,0.6666666666666666,0.0,0.9090909090909092,0.625,0.7692307692307692,40,4,20,0,mlplasmids,E. coli-(E. faecium model)-mlplasmids
ecol-SAMN15148025,0.6060606060606061,0.0,0.6896551724137931,0.4761904761904761,0.6451612903225807,20,9,13,0,mlplasmids,E. coli-(E. faecium model)-mlplasmids
ecol-SAMN15148037,0.7045454545454546,0.0,0.96875,0.6888888888888889,0.8157894736842106,31,1,13,0,mlplasmids,E. coli-(E. faecium model)-mlplasmids
ecol-SAMN15148039,0.6739130434782609,0.0,0.96875,0.6595744680851063,0.7948717948717949,31,1,15,0,mlplasmids,E. coli-(E. faecium model)-mlplasmids
ecol-SAMN15148048,0.5849056603773585,,1.0,0.5849056603773585,0.738095238095238,31,0,22,0,mlplasmids,E. coli-(E. faecium model)-mlplasmids
ecol-SAMN15148049,0.6190476190476191,0.6,0.9629629629629628,0.6179775280898876,0.7536231884057971,52,2,32,3,mlplasmids,E. coli-(E. faecium model)-mlplasmids
ecol-SAMN15148053,0.58,0.2,0.8787878787878788,0.5454545454545454,0.6987951807228915,29,4,21,1,mlplasmids,E. coli-(E. faecium model)-mlplasmids
ecol-SAMN15148054,0.625,0.4,0.8695652173913043,0.5945945945945946,0.7272727272727273,20,3,12,2,mlplasmids,E. coli-(E. faecium model)-mlplasmids
ecol-SAMN15148060,0.6521739130434783,0.1818181818181818,0.7692307692307693,0.5614035087719298,0.7058823529411764,30,9,16,2,mlplasmids,E. coli-(E. faecium model)-mlplasmids
ecol-SAMN15148070,0.6363636363636364,0.0,0.9767441860465116,0.6268656716417911,0.7706422018348624,42,1,24,0,mlplasmids,E. coli-(E. faecium model)-mlplasmids
ecol-SAMN15148072,0.627906976744186,0.0,0.9310344827586208,0.6,0.7499999999999999,27,2,16,0,mlplasmids,E. coli-(E. faecium model)-mlplasmids
ecol-SAMN15148083,0.6271186440677966,0.0909090909090909,0.7872340425531915,0.5428571428571428,0.6981132075471698,37,10,22,1,mlplasmids,E. coli-(E. faecium model)-mlplasmids
ecol-SAMN15148089,0.6818181818181818,0.2105263157894736,0.75,0.5764705882352941,0.7142857142857143,45,15,21,4,mlplasmids,E. coli-(E. faecium model)-mlplasmids
ecol-SAMN15148090,0.6176470588235294,0.1875,0.7636363636363637,0.5357142857142857,0.6829268292682927,42,13,26,3,mlplasmids,E. coli-(E. faecium model)-mlplasmids
ecol-SAMN15148091,0.631578947368421,0.2,0.8,0.5604395604395604,0.7058823529411765,48,12,28,3,mlplasmids,E. coli-(E. faecium model)-mlplasmids
ecol-SAMN15148093,0.6923076923076923,0.0,0.8571428571428571,0.6206896551724138,0.7659574468085107,18,3,8,0,mlplasmids,E. coli-(E. faecium model)-mlplasmids
ecol-SAMN15148094,0.6666666666666666,0.0,0.9411764705882352,0.64,0.7804878048780487,16,1,8,0,mlplasmids,E. coli-(E. faecium model)-mlplasmids
ecol-SAMN15148099,0.6,0.25,0.9166666666666666,0.576271186440678,0.7252747252747253,33,3,22,1,mlplasmids,E. coli-(E. faecium model)-mlplasmids
ecol-SAMN15148100,0.625,0.0,0.9375,0.6,0.75,45,3,27,0,mlplasmids,E. coli-(E. faecium model)-mlplasmids
ecol-SAMN15148101,0.72,0.1666666666666666,0.782608695652174,0.6129032258064516,0.7499999999999999,18,5,7,1,mlplasmids,E. coli-(E. faecium model)-mlplasmids
ecol-SAMN15148102,0.7647058823529411,0.1666666666666666,0.8863636363636364,0.7017543859649122,0.8210526315789474,39,5,12,1,mlplasmids,E. coli-(E. faecium model)-mlplasmids
ecol-SAMN15148111,0.711864406779661,0.0833333333333333,0.65625,0.5301204819277109,0.6829268292682927,42,22,17,2,mlplasmids,E. coli-(E. faecium model)-mlplasmids
ecol-SAMN15148112,0.5,0.2,0.6666666666666666,0.4285714285714285,0.5714285714285715,16,8,16,2,mlplasmids,E. coli-(E. faecium model)-mlplasmids
ecol-SAMN15148118,0.7215189873417721,0.1935483870967742,0.6951219512195121,0.5727272727272728,0.7080745341614906,57,25,22,6,mlplasmids,E. coli-(E. faecium model)-mlplasmids
ecol-SAMN15148121,0.6481481481481481,0.0,0.8974358974358975,0.603448275862069,0.7526881720430108,35,4,19,0,mlplasmids,E. coli-(E. faecium model)-mlplasmids
ecol-SAMN15148127,0.7125,0.1612903225806451,0.6867469879518072,0.5585585585585585,0.6993865030674846,57,26,23,5,mlplasmids,E. coli-(E. faecium model)-mlplasmids
ecol-SAMN15148136,0.6476190476190476,0.4347826086956521,0.723404255319149,0.5827814569536424,0.6834170854271358,68,26,37,20,mlplasmids,E. coli-(E. faecium model)-mlplasmids
ecol-SAMN15148138,0.6140350877192983,0.4666666666666667,0.813953488372093,0.5833333333333334,0.7,35,8,22,7,mlplasmids,E. coli-(E. faecium model)-mlplasmids
ecol-SAMN15148139,0.65625,0.5454545454545454,0.8076923076923077,0.627906976744186,0.7241379310344829,42,10,22,12,mlplasmids,E. coli-(E. faecium model)-mlplasmids
ecol-SAMN15148143,0.6349206349206349,0.1818181818181818,0.898876404494382,0.5985401459854015,0.7441860465116279,80,9,46,2,mlplasmids,E. coli-(E. faecium model)-mlplasmids
ecol-SAMN15148145,0.6,0.0,0.84375,0.54,0.7012987012987012,27,5,18,0,mlplasmids,E. coli-(E. faecium model)-mlplasmids
ecol-SAMN15148148,0.7317073170731707,0.5,0.9375,0.7111111111111111,0.821917808219178,30,2,11,2,mlplasmids,E. coli-(E. faecium model)-mlplasmids
ecol-SAMN15148149,0.6122448979591837,0.0,0.967741935483871,0.6,0.75,30,1,19,0,mlplasmids,E. coli-(E. faecium model)-mlplasmids
ecol-SAMN15148177,0.6610169491525424,0.1428571428571428,0.8666666666666667,0.6060606060606061,0.7500000000000001,78,12,40,2,mlplasmids,E. coli-(E. faecium model)-mlplasmids
ecol-SAMN15148207,0.5128205128205128,0.0,0.7142857142857143,0.425531914893617,0.5970149253731343,20,8,19,0,mlplasmids,E. coli-(E. faecium model)-mlplasmids
ecol-SAMN15148215,0.6610169491525424,0.4615384615384615,0.8478260869565217,0.625,0.7428571428571429,39,7,20,6,mlplasmids,E. coli-(E. faecium model)-mlplasmids
ecol-SAMN15148217,0.6086956521739131,0.25,0.9032258064516128,0.58,0.7272727272727272,28,3,18,1,mlplasmids,E. coli-(E. faecium model)-mlplasmids
ecol-SAMN15148218,0.6779661016949152,0.2857142857142857,0.8888888888888888,0.6363636363636364,0.7692307692307693,40,5,19,2,mlplasmids,E. coli-(E. faecium model)-mlplasmids
ecol-SAMN15148228,0.6615384615384615,0.0,0.9148936170212766,0.6231884057971014,0.7678571428571428,43,4,22,0,mlplasmids,E. coli-(E. faecium model)-mlplasmids
ecol-SAMN15148229,0.7142857142857143,0.25,0.7,0.5797101449275363,0.7070707070707072,35,15,14,5,mlplasmids,E. coli-(E. faecium model)-mlplasmids
ecol-SAMN15148263,0.6066666666666667,0.5,0.900990099009901,0.5941176470588235,0.7250996015936254,91,10,59,10,mlplasmids,E. coli-(E. faecium model)-mlplasmids
ecol-SAMN15148267,0.4838709677419355,0.5,0.8333333333333334,0.4864864864864865,0.6122448979591837,45,9,48,9,mlplasmids,E. coli-(E. faecium model)-mlplasmids
ecol-SAMN15148268,0.7142857142857143,0.4,0.9302325581395348,0.6885245901639344,0.8080808080808081,40,3,16,2,mlplasmids,E. coli-(E. faecium model)-mlplasmids
ecol-SAMN15148273,0.5268817204301075,0.3333333333333333,0.9607843137254902,0.5208333333333334,0.6805555555555556,49,2,44,1,mlplasmids,E. coli-(E. faecium model)-mlplasmids
ecol-SAMN15148298,0.62,0.4,0.8378378378378378,0.5833333333333334,0.7126436781609196,62,12,38,8,mlplasmids,E. coli-(E. faecium model)-mlplasmids
ecol-SAMN15148314,0.575,0.6666666666666666,0.9583333333333334,0.5813953488372093,0.71875,23,1,17,2,mlplasmids,E. coli-(E. faecium model)-mlplasmids
ecol-SAMN15148328,0.7101449275362319,0.1578947368421052,0.7538461538461538,0.5909090909090909,0.7313432835820897,49,16,20,3,mlplasmids,E. coli-(E. faecium model)-mlplasmids
ecol-SAMN15148331,0.8275862068965517,0.1666666666666666,0.8275862068965517,0.7142857142857143,0.8275862068965517,24,5,5,1,mlplasmids,E. coli-(E. faecium model)-mlplasmids
ecol-SAMN15148349,0.6410256410256411,0.6,0.925925925925926,0.6363636363636364,0.7575757575757577,25,2,14,3,mlplasmids,E. coli-(E. faecium model)-mlplasmids
ecol-SAMN15148350,0.6705882352941176,0.2121212121212121,0.6867469879518072,0.5423728813559322,0.6785714285714286,57,26,28,7,mlplasmids,E. coli-(E. faecium model)-mlplasmids
ecol-SAMN15148351,0.6794871794871795,0.0,0.9464285714285714,0.654320987654321,0.791044776119403,53,3,25,0,mlplasmids,E. coli-(E. faecium model)-mlplasmids
ecol-SAMN15148359,0.5882352941176471,0.0,0.9090909090909092,0.5555555555555556,0.7142857142857143,20,2,14,0,mlplasmids,E. coli-(E. faecium model)-mlplasmids
ecol-SAMN15148360,0.6041666666666666,0.75,0.9666666666666668,0.6153846153846154,0.7435897435897435,29,1,19,3,mlplasmids,E. coli-(E. faecium model)-mlplasmids
ecol-SAMN15148362,0.5833333333333334,0.5,0.9655172413793104,0.58,0.7272727272727274,28,1,20,1,mlplasmids,E. coli-(E. faecium model)-mlplasmids
ecol-SAMN15148366,0.6944444444444444,0.2857142857142857,0.8333333333333334,0.627906976744186,0.7575757575757577,25,5,11,2,mlplasmids,E. coli-(E. faecium model)-mlplasmids
ecol-SAMN15148368,0.62,0.0,0.9393939393939394,0.5961538461538461,0.7469879518072288,31,2,19,0,mlplasmids,E. coli-(E. faecium model)-mlplasmids
ecol-SAMN15148379,0.625,0.2352941176470588,0.5357142857142857,0.4634146341463415,0.576923076923077,15,13,9,4,mlplasmids,E. coli-(E. faecium model)-mlplasmids
ecol-SAMN15148387,0.5859375,0.2083333333333333,0.7978723404255319,0.5263157894736842,0.6756756756756757,75,19,53,5,mlplasmids,E. coli-(E. faecium model)-mlplasmids
ecol-SAMN15148388,0.5866666666666667,0.2258064516129032,0.6470588235294118,0.4811320754716981,0.6153846153846153,44,24,31,7,mlplasmids,E. coli-(E. faecium model)-mlplasmids
ecol-SAMN15148391,0.6089385474860335,0.4411764705882353,0.8515625,0.5821596244131455,0.7100977198697067,109,19,70,15,mlplasmids,E. coli-(E. faecium model)-mlplasmids
ecol-SAMN15148397,0.6049382716049383,0.8333333333333334,0.98,0.6206896551724138,0.7480916030534351,49,1,32,5,mlplasmids,E. coli-(E. faecium model)-mlplasmids
ecol-SAMN15148400,0.7441860465116279,0.0909090909090909,0.8648648648648649,0.6701030927835051,0.8,64,10,22,1,mlplasmids,E. coli-(E. faecium model)-mlplasmids
ecol-SAMN15148423,0.5652173913043478,0.6666666666666666,0.896551724137931,0.5818181818181818,0.6933333333333332,52,6,40,12,mlplasmids,E. coli-(E. faecium model)-mlplasmids
ecol-SAMN15148426,0.6448598130841121,0.3636363636363636,0.7666666666666667,0.5785714285714286,0.7005076142131978,69,21,38,12,mlplasmids,E. coli-(E. faecium model)-mlplasmids
ecol-SAMN15148433,0.7021276595744681,0.3333333333333333,0.9428571428571428,0.68,0.8048780487804879,33,2,14,1,mlplasmids,E. coli-(E. faecium model)-mlplasmids
ecol-SAMN15148461,0.6440677966101694,0.5,0.9743589743589745,0.639344262295082,0.7755102040816326,38,1,21,1,mlplasmids,E. coli-(E. faecium model)-mlplasmids
ecol-SAMN15148475,0.7846153846153846,0.0769230769230769,0.8095238095238095,0.6666666666666666,0.7968749999999999,51,12,14,1,mlplasmids,E. coli-(E. faecium model)-mlplasmids
ecol-SAMN15148482,0.6048387096774194,0.4318181818181818,0.75,0.5595238095238095,0.6696428571428571,75,25,49,19,mlplasmids,E. coli-(E. faecium model)-mlplasmids
ecol-SAMN15148483,0.7567567567567568,,1.0,0.7567567567567568,0.8615384615384616,28,0,9,0,mlplasmids,E. coli-(E. faecium model)-mlplasmids
ecol-SAMN15148515,0.8113207547169812,0.1875,0.7678571428571429,0.6666666666666666,0.7889908256880735,43,13,10,3,mlplasmids,E. coli-(E. faecium model)-mlplasmids
ecol-SAMN15148547,0.8095238095238095,0.3333333333333333,0.9444444444444444,0.7777777777777778,0.8717948717948718,34,2,8,1,mlplasmids,E. coli-(E. faecium model)-mlplasmids
ecol-SAMN15148548,0.8181818181818182,0.4285714285714285,0.9183673469387756,0.7741935483870968,0.8653846153846154,45,4,10,3,mlplasmids,E. coli-(E. faecium model)-mlplasmids
ecol-SAMN15148563,0.6363636363636364,0.0,0.7567567567567568,0.5283018867924528,0.691358024691358,28,9,16,0,mlplasmids,E. coli-(E. faecium model)-mlplasmids
ecol-SAMN15148570,0.6285714285714286,0.3333333333333333,0.9565217391304348,0.6164383561643836,0.7586206896551724,44,2,26,1,mlplasmids,E. coli-(E. faecium model)-mlplasmids
ecol-SAMN15148576,0.6065573770491803,0.1666666666666666,0.7115384615384616,0.5063291139240507,0.654867256637168,37,15,24,3,mlplasmids,E. coli-(E. faecium model)-mlplasmids
ecol-SAMN15148585,0.6666666666666666,1.0,1.0,0.6707317073170732,0.8,54,0,27,1,mlplasmids,E. coli-(E. faecium model)-mlplasmids
ecol-SAMN15148591,0.5869565217391305,0.3333333333333333,0.8709677419354839,0.5576923076923077,0.7012987012987013,27,4,19,2,mlplasmids,E. coli-(E. faecium model)-mlplasmids
ecol-SAMN15148593,0.7,0.25,0.8448275862068966,0.6341463414634146,0.765625,49,9,21,3,mlplasmids,E. coli-(E. faecium model)-mlplasmids
ecol-SAMN15148596,0.8064516129032258,0.25,0.704225352112676,0.6333333333333333,0.7518796992481203,50,21,12,7,mlplasmids,E. coli-(E. faecium model)-mlplasmids
ecol-SAMN15148605,0.6635514018691588,0.0833333333333333,0.8658536585365854,0.6050420168067226,0.7513227513227514,71,11,36,1,mlplasmids,E. coli-(E. faecium model)-mlplasmids
ecol-SAMN15148627,0.6666666666666666,0.1428571428571428,0.8333333333333334,0.5961538461538461,0.7407407407407408,30,6,15,1,mlplasmids,E. coli-(E. faecium model)-mlplasmids
ecol-SAMN15148648,0.5753424657534246,0.3214285714285714,0.8155339805825242,0.5344827586206896,0.6746987951807228,84,19,62,9,mlplasmids,E. coli-(E. faecium model)-mlplasmids
ecol-SAMN15148701,0.7540983606557377,0.3333333333333333,0.8846153846153846,0.7,0.8141592920353982,46,6,15,3,mlplasmids,E. coli-(E. faecium model)-mlplasmids
ecol-SAMN15148710,0.7291666666666666,0.4666666666666667,0.813953488372093,0.6666666666666666,0.7692307692307692,35,8,13,7,mlplasmids,E. coli-(E. faecium model)-mlplasmids
ecol-SAMN15148714,0.6842105263157895,0.0,0.9629629629629628,0.6666666666666666,0.7999999999999999,26,1,12,0,mlplasmids,E. coli-(E. faecium model)-mlplasmids
ecol-SAMN15148720,0.7407407407407407,0.0,0.9523809523809524,0.7142857142857143,0.8333333333333334,40,2,14,0,mlplasmids,E. coli-(E. faecium model)-mlplasmids
ecol-SAMN15148732,0.7205882352941176,0.2222222222222222,0.875,0.6623376623376623,0.7903225806451613,49,7,19,2,mlplasmids,E. coli-(E. faecium model)-mlplasmids
ecol-SAMN15148739,0.5945945945945946,0.0,0.9777777777777776,0.5866666666666667,0.7394957983193278,44,1,30,0,mlplasmids,E. coli-(E. faecium model)-mlplasmids
kpne-SAMN21366037,0.8461538461538461,0.8518518518518519,0.8918918918918919,0.8484848484848485,0.868421052631579,66,8,12,46,plASgraph,K. pneumoniae-(E. coli model)-plASgraph
kpne-SAMN21366038,0.8181818181818182,0.9090909090909092,0.9642857142857144,0.8409090909090909,0.8852459016393442,27,1,6,10,plASgraph,K. pneumoniae-(E. coli model)-plASgraph
kpne-SAMN21366043,1.0,0.9,0.9310344827586208,0.9574468085106383,0.9642857142857144,27,2,0,18,plASgraph,K. pneumoniae-(E. coli model)-plASgraph
kpne-SAMN21366050,0.9142857142857144,0.9655172413793104,0.9696969696969696,0.9375,0.9411764705882354,32,1,3,28,plASgraph,K. pneumoniae-(E. coli model)-plASgraph
kpne-SAMN21366063,0.8870967741935484,0.4782608695652174,0.8208955223880597,0.7764705882352941,0.8527131782945736,55,12,7,11,plASgraph,K. pneumoniae-(E. coli model)-plASgraph
kpne-SAMN21366069,0.9591836734693876,0.6111111111111112,0.8703703703703703,0.8656716417910447,0.912621359223301,47,7,2,11,plASgraph,K. pneumoniae-(E. coli model)-plASgraph
kpne-SAMN21366070,0.8113207547169812,0.8285714285714286,0.8775510204081632,0.8181818181818182,0.8431372549019608,43,6,10,29,plASgraph,K. pneumoniae-(E. coli model)-plASgraph
kpne-SAMN21366091,1.0,0.9230769230769232,0.902439024390244,0.9550561797752808,0.9487179487179488,37,4,0,48,plASgraph,K. pneumoniae-(E. coli model)-plASgraph
kpne-SAMN21366094,1.0,0.9387755102040816,0.9117647058823528,0.9625,0.953846153846154,31,3,0,46,plASgraph,K. pneumoniae-(E. coli model)-plASgraph
kpne-SAMN21366095,0.8913043478260869,0.9285714285714286,0.9534883720930232,0.9054054054054054,0.9213483146067416,41,2,5,26,plASgraph,K. pneumoniae-(E. coli model)-plASgraph
kpne-SAMN21366037,0.6,0.4259259259259259,0.6075949367088608,0.5298507462686567,0.6037735849056604,48,31,32,23,mlplasmids,K. pneumoniae-(E. coli model)-mlplasmids
kpne-SAMN21366038,0.6486486486486487,0.4545454545454545,0.8,0.6041666666666666,0.7164179104477612,24,6,13,5,mlplasmids,K. pneumoniae-(E. coli model)-mlplasmids
kpne-SAMN21366043,0.7777777777777778,0.5,0.6774193548387096,0.6595744680851063,0.7241379310344828,21,10,6,10,mlplasmids,K. pneumoniae-(E. coli model)-mlplasmids
kpne-SAMN21366050,0.6382978723404256,0.4193548387096774,0.625,0.5512820512820513,0.631578947368421,30,18,17,13,mlplasmids,K. pneumoniae-(E. coli model)-mlplasmids
kpne-SAMN21366063,0.6290322580645161,0.6521739130434783,0.8297872340425532,0.6352941176470588,0.7155963302752293,39,8,23,15,mlplasmids,K. pneumoniae-(E. coli model)-mlplasmids
kpne-SAMN21366069,0.6078431372549019,0.7222222222222222,0.8611111111111112,0.6376811594202898,0.7126436781609194,31,5,20,13,mlplasmids,K. pneumoniae-(E. coli model)-mlplasmids
kpne-SAMN21366070,0.6481481481481481,0.4166666666666667,0.625,0.5555555555555556,0.6363636363636364,35,21,19,15,mlplasmids,K. pneumoniae-(E. coli model)-mlplasmids
kpne-SAMN21366091,0.7837837837837838,0.5384615384615384,0.5471698113207547,0.6404494382022472,0.6444444444444444,29,24,8,28,mlplasmids,K. pneumoniae-(E. coli model)-mlplasmids
kpne-SAMN21366094,0.7096774193548387,0.5102040816326531,0.4782608695652174,0.5875,0.5714285714285714,22,24,9,25,mlplasmids,K. pneumoniae-(E. coli model)-mlplasmids
kpne-SAMN21366095,0.625,0.6071428571428571,0.7317073170731707,0.618421052631579,0.6741573033707865,30,11,18,17,mlplasmids,K. pneumoniae-(E. coli model)-mlplasmids
ecol-SAMN15147962,0.8507462686567164,0.6666666666666666,0.95,0.8289473684210527,0.8976377952755905,57,3,10,6,plASgraph,E. coli-(K. pneumoniae model)-plASgraph
ecol-SAMN15147963,1.0,0.0,0.8805970149253731,0.8805970149253731,0.9365079365079364,59,8,0,0,plASgraph,E. coli-(K. pneumoniae model)-plASgraph
ecol-SAMN15147970,0.8307692307692308,0.6428571428571429,0.8780487804878049,0.7848837209302325,0.8537549407114625,108,15,22,27,plASgraph,E. coli-(K. pneumoniae model)-plASgraph
ecol-SAMN15147972,0.9791666666666666,0.6111111111111112,0.9306930693069309,0.9210526315789472,0.9543147208121828,94,7,2,11,plASgraph,E. coli-(K. pneumoniae model)-plASgraph
ecol-SAMN15147977,0.9175257731958762,0.375,0.946808510638298,0.8761904761904762,0.9319371727748692,89,5,8,3,plASgraph,E. coli-(K. pneumoniae model)-plASgraph
ecol-SAMN15147983,0.9423076923076924,0.2222222222222222,0.7777777777777778,0.7571428571428571,0.8521739130434781,49,14,3,4,plASgraph,E. coli-(K. pneumoniae model)-plASgraph
ecol-SAMN15147990,0.9767441860465116,0.0,0.9767441860465116,0.9545454545454546,0.9767441860465116,42,1,1,0,plASgraph,E. coli-(K. pneumoniae model)-plASgraph
ecol-SAMN15147997,0.9047619047619048,1.0,1.0,0.9090909090909092,0.95,38,0,4,2,plASgraph,E. coli-(K. pneumoniae model)-plASgraph
ecol-SAMN15148005,0.9807692307692308,0.8571428571428571,0.9807692307692308,0.9661016949152542,0.9807692307692308,51,1,1,6,plASgraph,E. coli-(K. pneumoniae model)-plASgraph
ecol-SAMN15148009,0.979591836734694,,1.0,0.979591836734694,0.9896907216494846,48,0,1,0,plASgraph,E. coli-(K. pneumoniae model)-plASgraph
ecol-SAMN15148016,0.9807692307692308,0.0,0.864406779661017,0.85,0.918918918918919,51,8,1,0,plASgraph,E. coli-(K. pneumoniae model)-plASgraph
ecol-SAMN15148018,1.0,0.0,0.8947368421052632,0.8947368421052632,0.9444444444444444,51,6,0,0,plASgraph,E. coli-(K. pneumoniae model)-plASgraph
ecol-SAMN15148024,1.0,0.75,0.9833333333333332,0.984126984126984,0.991596638655462,59,1,0,3,plASgraph,E. coli-(K. pneumoniae model)-plASgraph
ecol-SAMN15148025,1.0,0.2222222222222222,0.825,0.8333333333333334,0.9041095890410958,33,7,0,2,plASgraph,E. coli-(K. pneumoniae model)-plASgraph
ecol-SAMN15148037,0.9545454545454546,0.0,0.9767441860465116,0.9333333333333332,0.9655172413793104,42,1,2,0,plASgraph,E. coli-(K. pneumoniae model)-plASgraph
ecol-SAMN15148039,0.9333333333333332,1.0,1.0,0.9347826086956522,0.9655172413793104,42,0,3,1,plASgraph,E. coli-(K. pneumoniae model)-plASgraph
ecol-SAMN15148048,1.0,,1.0,1.0,1.0,53,0,0,0,plASgraph,E. coli-(K. pneumoniae model)-plASgraph
ecol-SAMN15148049,0.8674698795180723,1.0,1.0,0.875,0.929032258064516,72,0,11,5,plASgraph,E. coli-(K. pneumoniae model)-plASgraph
ecol-SAMN15148053,1.0,0.8,0.98,0.9814814814814816,0.98989898989899,49,1,0,4,plASgraph,E. coli-(K. pneumoniae model)-plASgraph
ecol-SAMN15148054,1.0,0.5,0.9411764705882352,0.9444444444444444,0.9696969696969696,32,2,0,2,plASgraph,E. coli-(K. pneumoniae model)-plASgraph
ecol-SAMN15148060,0.9347826086956522,0.6363636363636364,0.9148936170212766,0.8771929824561403,0.924731182795699,43,4,3,7,plASgraph,E. coli-(K. pneumoniae model)-plASgraph
ecol-SAMN15148070,0.953125,0.0,0.9838709677419356,0.9384615384615383,0.9682539682539684,61,1,3,0,plASgraph,E. coli-(K. pneumoniae model)-plASgraph
ecol-SAMN15148072,0.9523809523809524,1.0,1.0,0.9545454545454546,0.975609756097561,40,0,2,2,plASgraph,E. coli-(K. pneumoniae model)-plASgraph
ecol-SAMN15148083,1.0,0.0909090909090909,0.855072463768116,0.8571428571428571,0.921875,59,10,0,1,plASgraph,E. coli-(K. pneumoniae model)-plASgraph
ecol-SAMN15148089,0.9393939393939394,0.3157894736842105,0.8266666666666667,0.8,0.8794326241134751,62,13,4,6,plASgraph,E. coli-(K. pneumoniae model)-plASgraph
ecol-SAMN15148090,0.9411764705882352,0.375,0.8648648648648649,0.8333333333333334,0.9014084507042254,64,10,4,6,plASgraph,E. coli-(K. pneumoniae model)-plASgraph
ecol-SAMN15148091,0.9473684210526316,0.4,0.8888888888888888,0.8571428571428571,0.9171974522292994,72,9,4,6,plASgraph,E. coli-(K. pneumoniae model)-plASgraph
ecol-SAMN15148093,0.9615384615384616,0.6666666666666666,0.9615384615384616,0.9310344827586208,0.9615384615384616,25,1,1,2,plASgraph,E. coli-(K. pneumoniae model)-plASgraph
ecol-SAMN15148094,1.0,1.0,1.0,1.0,1.0,24,0,0,1,plASgraph,E. coli-(K. pneumoniae model)-plASgraph
ecol-SAMN15148099,1.0,1.0,1.0,1.0,1.0,55,0,0,4,plASgraph,E. coli-(K. pneumoniae model)-plASgraph
ecol-SAMN15148100,0.9142857142857144,0.3333333333333333,0.9696969696969696,0.8904109589041096,0.9411764705882354,64,2,6,1,plASgraph,E. coli-(K. pneumoniae model)-plASgraph
ecol-SAMN15148101,1.0,1.0,1.0,1.0,1.0,25,0,0,6,plASgraph,E. coli-(K. pneumoniae model)-plASgraph
ecol-SAMN15148102,0.88,0.6666666666666666,0.9565217391304348,0.8571428571428571,0.9166666666666666,44,2,6,4,plASgraph,E. coli-(K. pneumoniae model)-plASgraph
ecol-SAMN15148111,0.9322033898305084,0.5416666666666666,0.8333333333333334,0.8192771084337349,0.8800000000000001,55,11,4,13,plASgraph,E. coli-(K. pneumoniae model)-plASgraph
ecol-SAMN15148112,1.0,0.9,0.9696969696969696,0.9761904761904762,0.9846153846153848,32,1,0,9,plASgraph,E. coli-(K. pneumoniae model)-plASgraph
ecol-SAMN15148118,0.9873417721518988,0.6774193548387096,0.8863636363636364,0.9,0.934131736526946,78,10,1,21,plASgraph,E. coli-(K. pneumoniae model)-plASgraph
ecol-SAMN15148121,0.8703703703703703,0.75,0.9791666666666666,0.8620689655172413,0.9215686274509804,47,1,7,3,plASgraph,E. coli-(K. pneumoniae model)-plASgraph
ecol-SAMN15148127,0.9125,0.7096774193548387,0.8902439024390244,0.8558558558558559,0.9012345679012346,73,9,7,22,plASgraph,E. coli-(K. pneumoniae model)-plASgraph
ecol-SAMN15148136,0.8857142857142857,0.8913043478260869,0.9489795918367347,0.8874172185430463,0.916256157635468,93,5,12,41,plASgraph,E. coli-(K. pneumoniae model)-plASgraph
ecol-SAMN15148138,0.9824561403508772,0.4666666666666667,0.875,0.875,0.9256198347107438,56,8,1,7,plASgraph,E. coli-(K. pneumoniae model)-plASgraph
ecol-SAMN15148139,1.0,0.4090909090909091,0.8311688311688312,0.8488372093023255,0.9078014184397164,64,13,0,9,plASgraph,E. coli-(K. pneumoniae model)-plASgraph
ecol-SAMN15148143,0.8968253968253969,0.9090909090909092,0.9912280701754386,0.8978102189781022,0.9416666666666668,113,1,13,10,plASgraph,E. coli-(K. pneumoniae model)-plASgraph
ecol-SAMN15148145,0.9777777777777776,0.8,0.9777777777777776,0.96,0.9777777777777776,44,1,1,4,plASgraph,E. coli-(K. pneumoniae model)-plASgraph
ecol-SAMN15148148,1.0,0.0,0.9111111111111112,0.9111111111111112,0.9534883720930232,41,4,0,0,plASgraph,E. coli-(K. pneumoniae model)-plASgraph
ecol-SAMN15148149,1.0,1.0,1.0,1.0,1.0,48,0,0,1,plASgraph,E. coli-(K. pneumoniae model)-plASgraph
ecol-SAMN15148177,0.9661016949152542,0.2857142857142857,0.9193548387096774,0.8939393939393939,0.9421487603305784,114,10,4,4,plASgraph,E. coli-(K. pneumoniae model)-plASgraph
ecol-SAMN15148207,1.0,0.375,0.8863636363636364,0.8936170212765957,0.9397590361445785,39,5,0,3,plASgraph,E. coli-(K. pneumoniae model)-plASgraph
ecol-SAMN15148215,0.9491525423728814,0.8461538461538461,0.9655172413793104,0.9305555555555556,0.9572649572649572,56,2,3,11,plASgraph,E. coli-(K. pneumoniae model)-plASgraph
ecol-SAMN15148217,0.9777777777777776,0.5,0.9565217391304348,0.9387755102040816,0.967032967032967,44,2,1,2,plASgraph,E. coli-(K. pneumoniae model)-plASgraph
ecol-SAMN15148218,0.9661016949152542,1.0,1.0,0.9696969696969696,0.9827586206896552,57,0,2,7,plASgraph,E. coli-(K. pneumoniae model)-plASgraph
ecol-SAMN15148228,0.9846153846153848,0.0,0.9411764705882352,0.927536231884058,0.962406015037594,64,4,1,0,plASgraph,E. coli-(K. pneumoniae model)-plASgraph
ecol-SAMN15148229,1.0,0.05,0.7205882352941176,0.7246376811594203,0.8376068376068375,49,19,0,1,plASgraph,E. coli-(K. pneumoniae model)-plASgraph
ecol-SAMN15148263,0.8066666666666666,0.7,0.952755905511811,0.7941176470588235,0.8736462093862815,121,6,29,14,plASgraph,E. coli-(K. pneumoniae model)-plASgraph
ecol-SAMN15148267,0.978494623655914,0.7222222222222222,0.9479166666666666,0.9369369369369368,0.962962962962963,91,5,2,13,plASgraph,E. coli-(K. pneumoniae model)-plASgraph
ecol-SAMN15148268,1.0,0.2,0.9333333333333332,0.9344262295081968,0.9655172413793104,56,4,0,1,plASgraph,E. coli-(K. pneumoniae model)-plASgraph
ecol-SAMN15148273,0.978494623655914,1.0,1.0,0.9791666666666666,0.9891304347826088,91,0,2,3,plASgraph,E. coli-(K. pneumoniae model)-plASgraph
ecol-SAMN15148298,0.93,0.75,0.9489795918367347,0.9,0.9393939393939392,93,5,7,15,plASgraph,E. coli-(K. pneumoniae model)-plASgraph
ecol-SAMN15148314,1.0,1.0,1.0,1.0,1.0,39,0,0,3,plASgraph,E. coli-(K. pneumoniae model)-plASgraph
ecol-SAMN15148328,0.9420289855072465,0.8421052631578947,0.9558823529411764,0.9204545454545454,0.9489051094890512,65,3,4,16,plASgraph,E. coli-(K. pneumoniae model)-plASgraph
ecol-SAMN15148331,1.0,0.6666666666666666,0.935483870967742,0.9428571428571428,0.9666666666666666,29,2,0,4,plASgraph,E. coli-(K. pneumoniae model)-plASgraph
ecol-SAMN15148349,0.9743589743589745,1.0,1.0,0.9772727272727272,0.9870129870129868,38,0,1,5,plASgraph,E. coli-(K. pneumoniae model)-plASgraph
ecol-SAMN15148350,0.976470588235294,0.4242424242424242,0.8137254901960784,0.8220338983050848,0.8877005347593584,83,19,2,14,plASgraph,E. coli-(K. pneumoniae model)-plASgraph
ecol-SAMN15148351,0.9871794871794872,0.0,0.9625,0.9506172839506172,0.9746835443037976,77,3,1,0,plASgraph,E. coli-(K. pneumoniae model)-plASgraph
ecol-SAMN15148359,1.0,1.0,1.0,1.0,1.0,34,0,0,2,plASgraph,E. coli-(K. pneumoniae model)-plASgraph
ecol-SAMN15148360,0.9583333333333334,0.0,0.92,0.8846153846153846,0.9387755102040816,46,4,2,0,plASgraph,E. coli-(K. pneumoniae model)-plASgraph
ecol-SAMN15148362,0.9791666666666666,0.5,0.9791666666666666,0.96,0.9791666666666666,47,1,1,1,plASgraph,E. coli-(K. pneumoniae model)-plASgraph
ecol-SAMN15148366,1.0,0.4285714285714285,0.9,0.9069767441860463,0.9473684210526316,36,4,0,3,plASgraph,E. coli-(K. pneumoniae model)-plASgraph
ecol-SAMN15148368,1.0,0.5,0.9803921568627452,0.9807692307692308,0.99009900990099,50,1,0,1,plASgraph,E. coli-(K. pneumoniae model)-plASgraph
ecol-SAMN15148379,1.0,0.8823529411764706,0.9230769230769232,0.951219512195122,0.96,24,2,0,15,plASgraph,E. coli-(K. pneumoniae model)-plASgraph
ecol-SAMN15148387,0.8976377952755905,0.875,0.9743589743589745,0.8940397350993378,0.9344262295081966,114,3,13,21,plASgraph,E. coli-(K. pneumoniae model)-plASgraph
ecol-SAMN15148388,0.9066666666666666,0.7741935483870968,0.9066666666666666,0.8679245283018868,0.9066666666666666,68,7,7,24,plASgraph,E. coli-(K. pneumoniae model)-plASgraph
ecol-SAMN15148391,0.776536312849162,0.7941176470588235,0.952054794520548,0.7793427230046949,0.8553846153846154,139,7,40,27,plASgraph,E. coli-(K. pneumoniae model)-plASgraph
ecol-SAMN15148397,1.0,0.6666666666666666,0.9759036144578314,0.9770114942528736,0.9878048780487804,81,2,0,4,plASgraph,E. coli-(K. pneumoniae model)-plASgraph
ecol-SAMN15148400,0.9302325581395348,1.0,1.0,0.9381443298969072,0.963855421686747,80,0,6,11,plASgraph,E. coli-(K. pneumoniae model)-plASgraph
ecol-SAMN15148423,0.9782608695652174,0.7222222222222222,0.9473684210526316,0.9363636363636364,0.9625668449197862,90,5,2,13,plASgraph,E. coli-(K. pneumoniae model)-plASgraph
ecol-SAMN15148426,0.9532710280373832,0.4545454545454545,0.85,0.8357142857142857,0.8986784140969163,102,18,5,15,plASgraph,E. coli-(K. pneumoniae model)-plASgraph
ecol-SAMN15148433,0.9787234042553192,1.0,1.0,0.98,0.989247311827957,46,0,1,3,plASgraph,E. coli-(K. pneumoniae model)-plASgraph
ecol-SAMN15148461,0.9661016949152542,1.0,1.0,0.9672131147540984,0.9827586206896552,57,0,2,2,plASgraph,E. coli-(K. pneumoniae model)-plASgraph
ecol-SAMN15148475,0.9384615384615383,0.7692307692307693,0.953125,0.9102564102564102,0.9457364341085271,61,3,4,10,plASgraph,E. coli-(K. pneumoniae model)-plASgraph
ecol-SAMN15148482,0.8225806451612904,0.5681818181818182,0.8429752066115702,0.7559523809523809,0.8326530612244898,102,19,22,25,plASgraph,E. coli-(K. pneumoniae model)-plASgraph
ecol-SAMN15148483,1.0,,1.0,1.0,1.0,37,0,0,0,plASgraph,E. coli-(K. pneumoniae model)-plASgraph
ecol-SAMN15148515,1.0,0.875,0.9636363636363636,0.9710144927536232,0.9814814814814816,53,2,0,14,plASgraph,E. coli-(K. pneumoniae model)-plASgraph
ecol-SAMN15148547,0.926829268292683,1.0,1.0,0.9318181818181818,0.9620253164556964,38,0,3,3,plASgraph,E. coli-(K. pneumoniae model)-plASgraph
ecol-SAMN15148548,1.0,0.8571428571428571,0.9818181818181818,0.9836065573770492,0.9908256880733944,54,1,0,6,plASgraph,E. coli-(K. pneumoniae model)-plASgraph
ecol-SAMN15148563,0.951219512195122,0.0,0.8125,0.78,0.8764044943820225,39,9,2,0,plASgraph,E. coli-(K. pneumoniae model)-plASgraph
ecol-SAMN15148570,1.0,0.0,0.958904109589041,0.958904109589041,0.9790209790209792,70,3,0,0,plASgraph,E. coli-(K. pneumoniae model)-plASgraph
ecol-SAMN15148576,0.9344262295081968,0.2777777777777778,0.8142857142857143,0.7848101265822784,0.8702290076335878,57,13,4,5,plASgraph,E. coli-(K. pneumoniae model)-plASgraph
ecol-SAMN15148585,0.8641975308641975,0.0,0.9859154929577464,0.8536585365853658,0.9210526315789476,70,1,11,0,plASgraph,E. coli-(K. pneumoniae model)-plASgraph
ecol-SAMN15148591,1.0,0.0,0.8846153846153846,0.8846153846153846,0.9387755102040816,46,6,0,0,plASgraph,E. coli-(K. pneumoniae model)-plASgraph
ecol-SAMN15148593,0.9571428571428572,0.8333333333333334,0.9710144927536232,0.9390243902439024,0.9640287769784172,67,2,3,10,plASgraph,E. coli-(K. pneumoniae model)-plASgraph
ecol-SAMN15148596,0.967741935483871,0.25,0.7407407407407407,0.7444444444444445,0.8391608391608392,60,21,2,7,plASgraph,E. coli-(K. pneumoniae model)-plASgraph
ecol-SAMN15148605,0.9532710280373832,1.0,1.0,0.957983193277311,0.9760765550239237,102,0,5,12,plASgraph,E. coli-(K. pneumoniae model)-plASgraph
ecol-SAMN15148627,0.9777777777777776,1.0,1.0,0.9807692307692308,0.9887640449438202,44,0,1,7,plASgraph,E. coli-(K. pneumoniae model)-plASgraph
ecol-SAMN15148648,0.678082191780822,0.75,0.9339622641509434,0.6896551724137931,0.7857142857142858,99,7,47,21,plASgraph,E. coli-(K. pneumoniae model)-plASgraph
ecol-SAMN15148701,0.918032786885246,0.6666666666666666,0.9491525423728814,0.8857142857142857,0.9333333333333332,56,3,5,6,plASgraph,E. coli-(K. pneumoniae model)-plASgraph
ecol-SAMN15148710,0.9583333333333334,0.3333333333333333,0.8214285714285714,0.8095238095238095,0.8846153846153847,46,10,2,5,plASgraph,E. coli-(K. pneumoniae model)-plASgraph
ecol-SAMN15148714,0.9736842105263158,1.0,1.0,0.9743589743589745,0.9866666666666666,37,0,1,1,plASgraph,E. coli-(K. pneumoniae model)-plASgraph
ecol-SAMN15148720,0.9814814814814816,0.0,0.9636363636363636,0.9464285714285714,0.9724770642201834,53,2,1,0,plASgraph,E. coli-(K. pneumoniae model)-plASgraph
ecol-SAMN15148732,0.9701492537313432,0.8888888888888888,0.9848484848484848,0.9605263157894736,0.9774436090225564,65,1,2,8,plASgraph,E. coli-(K. pneumoniae model)-plASgraph
ecol-SAMN15148739,0.9452054794520548,1.0,1.0,0.945945945945946,0.971830985915493,69,0,4,1,plASgraph,E. coli-(K. pneumoniae model)-plASgraph
ecol-SAMN15147962,0.75,0.8888888888888888,0.9807692307692308,0.7662337662337663,0.8499999999999999,51,1,17,8,mlplasmids,E. coli-(K. pneumoniae model)-mlplasmids
ecol-SAMN15147963,0.8166666666666667,1.0,1.0,0.8382352941176471,0.8990825688073394,49,0,11,8,mlplasmids,E. coli-(K. pneumoniae model)-mlplasmids
ecol-SAMN15147970,0.5846153846153846,0.9761904761904762,0.987012987012987,0.6802325581395349,0.7342995169082125,76,1,54,41,mlplasmids,E. coli-(K. pneumoniae model)-mlplasmids
ecol-SAMN15147972,0.7291666666666666,0.8888888888888888,0.9722222222222222,0.7543859649122807,0.8333333333333333,70,2,26,16,mlplasmids,E. coli-(K. pneumoniae model)-mlplasmids
ecol-SAMN15147977,0.7525773195876289,1.0,1.0,0.7714285714285715,0.8588235294117647,73,0,24,8,mlplasmids,E. coli-(K. pneumoniae model)-mlplasmids
ecol-SAMN15147983,0.7692307692307693,0.9444444444444444,0.975609756097561,0.8142857142857143,0.860215053763441,40,1,12,17,mlplasmids,E. coli-(K. pneumoniae model)-mlplasmids
ecol-SAMN15147990,0.813953488372093,1.0,1.0,0.8181818181818182,0.8974358974358974,35,0,8,1,mlplasmids,E. coli-(K. pneumoniae model)-mlplasmids
ecol-SAMN15147997,0.6666666666666666,1.0,1.0,0.6818181818181818,0.8,28,0,14,2,mlplasmids,E. coli-(K. pneumoniae model)-mlplasmids
ecol-SAMN15148005,0.7037037037037037,0.8571428571428571,0.9743589743589745,0.7213114754098361,0.8172043010752689,38,1,16,6,mlplasmids,E. coli-(K. pneumoniae model)-mlplasmids
ecol-SAMN15148009,0.6938775510204082,,1.0,0.6938775510204082,0.819277108433735,34,0,15,0,mlplasmids,E. coli-(K. pneumoniae model)-mlplasmids
ecol-SAMN15148016,0.7692307692307693,1.0,1.0,0.8,0.8695652173913044,40,0,12,8,mlplasmids,E. coli-(K. pneumoniae model)-mlplasmids
ecol-SAMN15148018,0.7450980392156863,1.0,1.0,0.7719298245614035,0.8539325842696629,38,0,13,6,mlplasmids,E. coli-(K. pneumoniae model)-mlplasmids
ecol-SAMN15148024,0.4833333333333333,1.0,1.0,0.515625,0.6516853932584269,29,0,31,4,mlplasmids,E. coli-(K. pneumoniae model)-mlplasmids
ecol-SAMN15148025,0.6666666666666666,1.0,1.0,0.7380952380952381,0.8,22,0,11,9,mlplasmids,E. coli-(K. pneumoniae model)-mlplasmids
ecol-SAMN15148037,0.6136363636363636,1.0,1.0,0.6222222222222222,0.7605633802816901,27,0,17,1,mlplasmids,E. coli-(K. pneumoniae model)-mlplasmids
ecol-SAMN15148039,0.6521739130434783,1.0,1.0,0.6595744680851063,0.7894736842105263,30,0,16,1,mlplasmids,E. coli-(K. pneumoniae model)-mlplasmids
ecol-SAMN15148048,0.7358490566037735,,1.0,0.7358490566037735,0.8478260869565216,39,0,14,0,mlplasmids,E. coli-(K. pneumoniae model)-mlplasmids
ecol-SAMN15148049,0.6785714285714286,0.8,0.9827586206896552,0.6853932584269663,0.8028169014084507,57,1,27,4,mlplasmids,E. coli-(K. pneumoniae model)-mlplasmids
ecol-SAMN15148053,0.8,1.0,1.0,0.8181818181818182,0.888888888888889,40,0,10,5,mlplasmids,E. coli-(K. pneumoniae model)-mlplasmids
ecol-SAMN15148054,0.65625,1.0,1.0,0.7027027027027027,0.7924528301886793,21,0,11,5,mlplasmids,E. coli-(K. pneumoniae model)-mlplasmids
ecol-SAMN15148060,0.5434782608695652,0.8181818181818182,0.925925925925926,0.5964912280701754,0.6849315068493151,25,2,21,9,mlplasmids,E. coli-(K. pneumoniae model)-mlplasmids
ecol-SAMN15148070,0.7121212121212122,1.0,1.0,0.7164179104477612,0.8318584070796461,47,0,19,1,mlplasmids,E. coli-(K. pneumoniae model)-mlplasmids
ecol-SAMN15148072,0.7209302325581395,1.0,1.0,0.7333333333333333,0.8378378378378378,31,0,12,2,mlplasmids,E. coli-(K. pneumoniae model)-mlplasmids
ecol-SAMN15148083,0.7796610169491526,1.0,1.0,0.8142857142857143,0.8761904761904762,46,0,13,11,mlplasmids,E. coli-(K. pneumoniae model)-mlplasmids
ecol-SAMN15148089,0.8636363636363636,0.8421052631578947,0.95,0.8588235294117647,0.9047619047619048,57,3,9,16,mlplasmids,E. coli-(K. pneumoniae model)-mlplasmids
ecol-SAMN15148090,0.8676470588235294,0.8125,0.9516129032258064,0.8571428571428571,0.9076923076923076,59,3,9,13,mlplasmids,E. coli-(K. pneumoniae model)-mlplasmids
ecol-SAMN15148091,0.7631578947368421,0.8,0.9508196721311476,0.7692307692307693,0.8467153284671532,58,3,18,12,mlplasmids,E. coli-(K. pneumoniae model)-mlplasmids
ecol-SAMN15148093,0.8461538461538461,1.0,1.0,0.8620689655172413,0.9166666666666666,22,0,4,3,mlplasmids,E. coli-(K. pneumoniae model)-mlplasmids
ecol-SAMN15148094,0.75,1.0,1.0,0.76,0.8571428571428571,18,0,6,1,mlplasmids,E. coli-(K. pneumoniae model)-mlplasmids
ecol-SAMN15148099,0.7454545454545455,0.5,0.9534883720930232,0.7288135593220338,0.8367346938775511,41,2,14,2,mlplasmids,E. coli-(K. pneumoniae model)-mlplasmids
ecol-SAMN15148100,0.8055555555555556,0.6666666666666666,0.9830508474576272,0.8,0.8854961832061069,58,1,14,2,mlplasmids,E. coli-(K. pneumoniae model)-mlplasmids
ecol-SAMN15148101,0.8,0.8333333333333334,0.9523809523809524,0.8064516129032258,0.8695652173913043,20,1,5,5,mlplasmids,E. coli-(K. pneumoniae model)-mlplasmids
ecol-SAMN15148102,0.7254901960784313,0.6666666666666666,0.9487179487179488,0.7192982456140351,0.8222222222222223,37,2,14,4,mlplasmids,E. coli-(K. pneumoniae model)-mlplasmids
ecol-SAMN15148111,0.711864406779661,0.875,0.9333333333333332,0.7590361445783133,0.8076923076923076,42,3,17,21,mlplasmids,E. coli-(K. pneumoniae model)-mlplasmids
ecol-SAMN15148112,0.84375,0.9,0.9642857142857144,0.8571428571428571,0.8999999999999999,27,1,5,9,mlplasmids,E. coli-(K. pneumoniae model)-mlplasmids
ecol-SAMN15148118,0.5949367088607594,1.0,1.0,0.7090909090909091,0.7460317460317459,47,0,32,31,mlplasmids,E. coli-(K. pneumoniae model)-mlplasmids
ecol-SAMN15148121,0.6296296296296297,0.75,0.9714285714285714,0.6379310344827587,0.7640449438202247,34,1,20,3,mlplasmids,E. coli-(K. pneumoniae model)-mlplasmids
ecol-SAMN15148127,0.6375,1.0,1.0,0.7387387387387387,0.7786259541984732,51,0,29,31,mlplasmids,E. coli-(K. pneumoniae model)-mlplasmids
ecol-SAMN15148136,0.6,0.9565217391304348,0.9692307692307692,0.7086092715231788,0.7411764705882353,63,2,42,44,mlplasmids,E. coli-(K. pneumoniae model)-mlplasmids
ecol-SAMN15148138,0.7017543859649122,1.0,1.0,0.7638888888888888,0.8247422680412371,40,0,17,15,mlplasmids,E. coli-(K. pneumoniae model)-mlplasmids
ecol-SAMN15148139,0.703125,0.9090909090909092,0.9574468085106383,0.7558139534883721,0.8108108108108107,45,2,19,20,mlplasmids,E. coli-(K. pneumoniae model)-mlplasmids
ecol-SAMN15148143,0.7619047619047619,1.0,1.0,0.781021897810219,0.8648648648648648,96,0,30,11,mlplasmids,E. coli-(K. pneumoniae model)-mlplasmids
ecol-SAMN15148145,0.7333333333333333,1.0,1.0,0.76,0.846153846153846,33,0,12,5,mlplasmids,E. coli-(K. pneumoniae model)-mlplasmids
ecol-SAMN15148148,0.926829268292683,0.75,0.9743589743589745,0.9111111111111112,0.95,38,1,3,3,mlplasmids,E. coli-(K. pneumoniae model)-mlplasmids
ecol-SAMN15148149,0.7959183673469388,1.0,1.0,0.8,0.8863636363636364,39,0,10,1,mlplasmids,E. coli-(K. pneumoniae model)-mlplasmids
ecol-SAMN15148177,0.4915254237288136,0.9285714285714286,0.9830508474576272,0.5378787878787878,0.6553672316384181,58,1,60,13,mlplasmids,E. coli-(K. pneumoniae model)-mlplasmids
ecol-SAMN15148207,0.7435897435897436,0.875,0.9666666666666668,0.7659574468085106,0.8405797101449275,29,1,10,7,mlplasmids,E. coli-(K. pneumoniae model)-mlplasmids
ecol-SAMN15148215,0.7457627118644068,1.0,1.0,0.7916666666666666,0.8543689320388349,44,0,15,13,mlplasmids,E. coli-(K. pneumoniae model)-mlplasmids
ecol-SAMN15148217,0.7391304347826086,1.0,1.0,0.76,0.85,34,0,12,4,mlplasmids,E. coli-(K. pneumoniae model)-mlplasmids
ecol-SAMN15148218,0.6440677966101694,1.0,1.0,0.6818181818181818,0.7835051546391751,38,0,21,7,mlplasmids,E. coli-(K. pneumoniae model)-mlplasmids
ecol-SAMN15148228,0.7230769230769231,1.0,1.0,0.7391304347826086,0.8392857142857142,47,0,18,4,mlplasmids,E. coli-(K. pneumoniae model)-mlplasmids
ecol-SAMN15148229,0.673469387755102,1.0,1.0,0.7681159420289855,0.8048780487804877,33,0,16,20,mlplasmids,E. coli-(K. pneumoniae model)-mlplasmids
ecol-SAMN15148263,0.5933333333333334,1.0,1.0,0.6411764705882353,0.7447698744769875,89,0,61,20,mlplasmids,E. coli-(K. pneumoniae model)-mlplasmids
ecol-SAMN15148267,0.7741935483870968,0.9444444444444444,0.9863013698630136,0.8018018018018018,0.8674698795180723,72,1,21,17,mlplasmids,E. coli-(K. pneumoniae model)-mlplasmids
ecol-SAMN15148268,0.6964285714285714,0.8,0.975,0.7049180327868853,0.8125,39,1,17,4,mlplasmids,E. coli-(K. pneumoniae model)-mlplasmids
ecol-SAMN15148273,0.7311827956989247,1.0,1.0,0.7395833333333334,0.84472049689441,68,0,25,3,mlplasmids,E. coli-(K. pneumoniae model)-mlplasmids
ecol-SAMN15148298,0.69,0.8,0.9452054794520548,0.7083333333333334,0.7976878612716762,69,4,31,16,mlplasmids,E. coli-(K. pneumoniae model)-mlplasmids
ecol-SAMN15148314,0.75,1.0,1.0,0.7674418604651163,0.8571428571428571,30,0,10,3,mlplasmids,E. coli-(K. pneumoniae model)-mlplasmids
ecol-SAMN15148328,0.7246376811594203,0.8947368421052632,0.9615384615384616,0.7613636363636364,0.8264462809917356,50,2,19,17,mlplasmids,E. coli-(K. pneumoniae model)-mlplasmids
ecol-SAMN15148331,0.6551724137931034,1.0,1.0,0.7142857142857143,0.7916666666666666,19,0,10,6,mlplasmids,E. coli-(K. pneumoniae model)-mlplasmids
ecol-SAMN15148349,0.7435897435897436,1.0,1.0,0.7727272727272727,0.8529411764705882,29,0,10,5,mlplasmids,E. coli-(K. pneumoniae model)-mlplasmids
ecol-SAMN15148350,0.6470588235294118,0.9393939393939394,0.9649122807017544,0.7288135593220338,0.7746478873239437,55,2,30,31,mlplasmids,E. coli-(K. pneumoniae model)-mlplasmids
ecol-SAMN15148351,0.6025641025641025,1.0,1.0,0.6172839506172839,0.7519999999999999,47,0,31,3,mlplasmids,E. coli-(K. pneumoniae model)-mlplasmids
ecol-SAMN15148359,0.7058823529411765,1.0,1.0,0.7222222222222222,0.8275862068965517,24,0,10,2,mlplasmids,E. coli-(K. pneumoniae model)-mlplasmids
ecol-SAMN15148360,0.8125,0.5,0.951219512195122,0.7884615384615384,0.8764044943820225,39,2,9,2,mlplasmids,E. coli-(K. pneumoniae model)-mlplasmids
ecol-SAMN15148362,0.75,0.5,0.972972972972973,0.74,0.8470588235294119,36,1,12,1,mlplasmids,E. coli-(K. pneumoniae model)-mlplasmids
ecol-SAMN15148366,0.7777777777777778,0.8571428571428571,0.9655172413793104,0.7906976744186046,0.8615384615384615,28,1,8,6,mlplasmids,E. coli-(K. pneumoniae model)-mlplasmids
ecol-SAMN15148368,0.66,1.0,1.0,0.6730769230769231,0.7951807228915663,33,0,17,2,mlplasmids,E. coli-(K. pneumoniae model)-mlplasmids
ecol-SAMN15148379,0.7083333333333334,1.0,1.0,0.8292682926829268,0.8292682926829268,17,0,7,17,mlplasmids,E. coli-(K. pneumoniae model)-mlplasmids
ecol-SAMN15148387,0.6953125,0.875,0.967391304347826,0.7236842105263158,0.809090909090909,89,3,39,21,mlplasmids,E. coli-(K. pneumoniae model)-mlplasmids
ecol-SAMN15148388,0.6133333333333333,0.8387096774193549,0.9019607843137256,0.6792452830188679,0.7301587301587301,46,5,29,26,mlplasmids,E. coli-(K. pneumoniae model)-mlplasmids
ecol-SAMN15148391,0.5586592178770949,0.9705882352941176,0.99009900990099,0.6244131455399061,0.7142857142857142,100,1,79,33,mlplasmids,E. coli-(K. pneumoniae model)-mlplasmids
ecol-SAMN15148397,0.7530864197530864,0.8333333333333334,0.9838709677419356,0.7586206896551724,0.8531468531468532,61,1,20,5,mlplasmids,E. coli-(K. pneumoniae model)-mlplasmids
ecol-SAMN15148400,0.5581395348837209,1.0,1.0,0.6082474226804123,0.7164179104477612,48,0,38,11,mlplasmids,E. coli-(K. pneumoniae model)-mlplasmids
ecol-SAMN15148423,0.75,0.9444444444444444,0.9857142857142858,0.7818181818181819,0.8518518518518519,69,1,23,17,mlplasmids,E. coli-(K. pneumoniae model)-mlplasmids
ecol-SAMN15148426,0.7476635514018691,0.9696969696969696,0.9876543209876544,0.8,0.8510638297872339,80,1,27,32,mlplasmids,E. coli-(K. pneumoniae model)-mlplasmids
ecol-SAMN15148433,0.8085106382978723,1.0,1.0,0.82,0.8941176470588235,38,0,9,3,mlplasmids,E. coli-(K. pneumoniae model)-mlplasmids
ecol-SAMN15148461,0.6440677966101694,1.0,1.0,0.6557377049180327,0.7835051546391751,38,0,21,2,mlplasmids,E. coli-(K. pneumoniae model)-mlplasmids
ecol-SAMN15148475,0.5692307692307692,1.0,1.0,0.6410256410256411,0.7254901960784313,37,0,28,13,mlplasmids,E. coli-(K. pneumoniae model)-mlplasmids
ecol-SAMN15148482,0.6774193548387096,1.0,1.0,0.7619047619047619,0.8076923076923077,84,0,40,44,mlplasmids,E. coli-(K. pneumoniae model)-mlplasmids
ecol-SAMN15148483,0.5405405405405406,,1.0,0.5405405405405406,0.7017543859649124,20,0,17,0,mlplasmids,E. coli-(K. pneumoniae model)-mlplasmids
ecol-SAMN15148515,0.5849056603773585,1.0,1.0,0.6811594202898551,0.738095238095238,31,0,22,16,mlplasmids,E. coli-(K. pneumoniae model)-mlplasmids
ecol-SAMN15148547,0.7380952380952381,1.0,1.0,0.7555555555555555,0.8493150684931507,31,0,11,3,mlplasmids,E. coli-(K. pneumoniae model)-mlplasmids
ecol-SAMN15148548,0.7090909090909091,0.8571428571428571,0.975,0.7258064516129032,0.8210526315789474,39,1,16,6,mlplasmids,E. coli-(K. pneumoniae model)-mlplasmids
ecol-SAMN15148563,0.6818181818181818,1.0,1.0,0.7358490566037735,0.8108108108108109,30,0,14,9,mlplasmids,E. coli-(K. pneumoniae model)-mlplasmids
ecol-SAMN15148570,0.6,1.0,1.0,0.6164383561643836,0.7499999999999999,42,0,28,3,mlplasmids,E. coli-(K. pneumoniae model)-mlplasmids
ecol-SAMN15148576,0.6885245901639344,1.0,1.0,0.759493670886076,0.8155339805825244,42,0,19,18,mlplasmids,E. coli-(K. pneumoniae model)-mlplasmids
ecol-SAMN15148585,0.6296296296296297,1.0,1.0,0.6341463414634146,0.7727272727272727,51,0,30,1,mlplasmids,E. coli-(K. pneumoniae model)-mlplasmids
ecol-SAMN15148591,0.7608695652173914,0.5,0.9210526315789472,0.7307692307692307,0.8333333333333333,35,3,11,3,mlplasmids,E. coli-(K. pneumoniae model)-mlplasmids
ecol-SAMN15148593,0.5714285714285714,1.0,1.0,0.6341463414634146,0.7272727272727273,40,0,30,12,mlplasmids,E. coli-(K. pneumoniae model)-mlplasmids
ecol-SAMN15148596,0.532258064516129,1.0,1.0,0.6777777777777778,0.6947368421052631,33,0,29,28,mlplasmids,E. coli-(K. pneumoniae model)-mlplasmids
ecol-SAMN15148605,0.5233644859813084,1.0,1.0,0.5714285714285714,0.6871165644171778,56,0,51,12,mlplasmids,E. coli-(K. pneumoniae model)-mlplasmids
ecol-SAMN15148627,0.6444444444444445,0.7142857142857143,0.935483870967742,0.6538461538461539,0.763157894736842,29,2,16,5,mlplasmids,E. coli-(K. pneumoniae model)-mlplasmids
ecol-SAMN15148648,0.5547945205479452,0.8928571428571429,0.9642857142857144,0.6091954022988506,0.7043478260869566,81,3,65,25,mlplasmids,E. coli-(K. pneumoniae model)-mlplasmids
ecol-SAMN15148701,0.5409836065573771,1.0,1.0,0.6,0.7021276595744682,33,0,28,9,mlplasmids,E. coli-(K. pneumoniae model)-mlplasmids
ecol-SAMN15148710,0.6041666666666666,0.8,0.90625,0.6507936507936508,0.725,29,3,19,12,mlplasmids,E. coli-(K. pneumoniae model)-mlplasmids
ecol-SAMN15148714,0.6842105263157895,1.0,1.0,0.6923076923076923,0.8125000000000001,26,0,12,1,mlplasmids,E. coli-(K. pneumoniae model)-mlplasmids
ecol-SAMN15148720,0.5740740740740741,1.0,1.0,0.5892857142857143,0.7294117647058824,31,0,23,2,mlplasmids,E. coli-(K. pneumoniae model)-mlplasmids
ecol-SAMN15148732,0.6176470588235294,0.8888888888888888,0.9767441860465116,0.6493506493506493,0.7567567567567568,42,1,26,8,mlplasmids,E. coli-(K. pneumoniae model)-mlplasmids
ecol-SAMN15148739,0.7567567567567568,1.0,1.0,0.76,0.8615384615384616,56,0,18,1,mlplasmids,E. coli-(K. pneumoniae model)-mlplasmids
